reading,shift_x,shift_y,shift_z
RiverBank1.ply,-272.91136797,109.58614695,-3.47253193
RiverBank2.ply,-270.98859949,110.723494  , 5.09862655
RiverBank3.ply,-265.59162935,108.72616797,12.21823456
RiverBank4.ply,-270.46622096,110.50026583,10.6121572
RiverBank5.ply,-278.431075  , 88.93275709, 8.14652152
RiverBank6.ply,-265.68380062,111.3836949 ,24.29941444
RiverBank7.ply,-265.35527752,109.97589216,37.42626973
