reading,shift_x,shift_y,shift_z
Residence1.ply,2.95552110e+00,-1.11043831e+01, 7.98171937e-02
Residence2.ply,9.02324414e+01, 6.34704753e+01, 4.67832616e-03
Residence3.ply,9.90269729e+01, 8.13796445e+01, 1.54164668e-01
Residence4.ply,9.95745440e+01, 6.86713954e+01,-3.31161817e-02
Residence5.ply,1.12159822e+02, 5.44801106e+01, 7.07852679e-01
Residence6.ply,1.39810057e+02, 6.13341936e+01, 3.19360686e-01
Residence7.ply,1.25898618e+02, 5.17627708e+01, 1.38266321e+00
