reading,shift_x,shift_y,shift_z
SubwayStation1.ply,-365.87589614,579.35208577,-6.62831767
SubwayStation2.ply,-364.03201317,576.83804694,-5.76776866
SubwayStation3.ply,-365.80009105,579.32913117,-6.60708082
SubwayStation4.ply,-365.50917425,579.81302331,-7.66932995
SubwayStation5.ply,-365.45485279,579.29488392,-7.59000651
SubwayStation6.ply,-365.58400795,579.45821164,-8.1106217
